Дата,Время,Функция,Username,Status_code
2025-11-01,09:10:19,check_session,anonymus,
2025-11-01,09:10:19,get_register_page,anonymus,200
2025-11-01,09:10:20,check_session,anonymus,
2025-11-01,09:10:20,check_session,anonymus,
2025-11-01,09:10:20,check_session,anonymus,
2025-11-01,09:10:20,get_register_page,anonymus,200
2025-11-01,09:10:28,check_session,anonymus,
2025-11-01,09:10:28,get_login_page,anonymus,200
2025-11-01,09:10:28,check_session,anonymus,
2025-11-01,09:10:28,check_session,anonymus,
2025-11-01,09:10:28,get_register_page,anonymus,200
2025-11-01,09:10:38,check_session,anonymus,
2025-11-01,09:10:38,login,anonymus,302
2025-11-01,09:10:38,check_session,admin,
2025-11-01,09:10:38,get_home_page,admin,200
2025-11-01,09:10:38,check_session,admin,
2025-11-01,09:10:38,not_found_page,admin,307
2025-11-01,09:10:38,check_session,admin,
2025-11-01,09:10:38,get_404_page,admin,200
2025-11-01,09:10:43,check_session,admin,
2025-11-01,09:10:43,get_admin_page,admin,200
2025-11-01,09:10:43,check_session,admin,
2025-11-01,09:10:43,not_found_page,admin,307
2025-11-01,09:10:43,check_session,admin,
2025-11-01,09:10:43,get_404_page,admin,200
2025-11-01,09:11:00,check_session,admin,
2025-11-01,09:11:00,get_home_page,admin,200
2025-11-01,09:11:00,check_session,admin,
2025-11-01,09:11:00,not_found_page,admin,307
2025-11-01,09:11:00,check_session,admin,
2025-11-01,09:11:00,get_404_page,admin,200
2025-11-01,09:11:02,check_session,admin,
2025-11-01,09:11:02,logout,admin,200
2025-11-01,09:11:02,check_session,anonymus,
2025-11-01,09:11:02,check_session,anonymus,
2025-11-01,09:11:02,get_register_page,anonymus,200
2025-11-01,09:11:31,check_session,anonymus,
2025-11-01,09:11:31,login,anonymus,302
2025-11-01,09:11:31,check_session,admin,
2025-11-01,09:11:31,get_home_page,admin,200
2025-11-01,09:11:31,check_session,admin,
2025-11-01,09:12:03,check_session,admin,
2025-11-01,09:12:03,get_admin_page,admin,200
2025-11-01,09:12:06,check_session,admin,
2025-11-01,09:12:06,get_home_page,admin,200
2025-11-01,09:12:09,check_session,admin,
2025-11-01,09:12:09,logout,admin,200
2025-11-01,09:13:00,check_session,anonymus,
2025-11-01,09:13:00,login,anonymus,302
2025-11-01,09:13:00,check_session,admin,
2025-11-01,09:13:00,get_home_page,admin,200
2025-11-01,09:13:05,check_session,admin,
2025-11-01,09:13:05,get_admin_page,admin,200
2025-11-01,09:13:06,check_session,admin,
2025-11-01,09:13:06,get_home_page,admin,200
2025-11-01,09:13:09,check_session,admin,
2025-11-01,09:13:09,logout,admin,200
2025-11-01,09:14:02,check_session,anonymus,
2025-11-01,09:14:02,login,anonymus,302
2025-11-01,09:14:02,check_session,bimbimbambam,
2025-11-01,09:14:02,get_home_page,bimbimbambam,200
2025-11-01,09:14:08,check_session,bimbimbambam,
2025-11-01,09:14:08,get_admin_page,bimbimbambam,200
2025-11-01,09:14:11,check_session,bimbimbambam,
2025-11-01,09:14:11,get_home_page,bimbimbambam,200
2025-11-01,09:14:14,check_session,bimbimbambam,
2025-11-01,09:14:14,get_admin_page,bimbimbambam,200
2025-11-01,09:14:17,check_session,bimbimbambam,
2025-11-01,09:14:17,get_home_page,bimbimbambam,200
2025-11-01,09:14:18,check_session,bimbimbambam,
2025-11-01,09:14:18,logout,bimbimbambam,200
2025-11-01,09:18:17,check_session,anonymus,
2025-11-01,09:18:17,login,anonymus,302
2025-11-01,09:18:17,check_session,admin,
2025-11-01,09:18:17,get_home_page,admin,200
2025-11-01,09:18:20,check_session,admin,
2025-11-01,09:18:20,get_admin_page,admin,200
2025-11-01,09:18:24,check_session,admin,
2025-11-01,09:18:24,get_home_page,admin,200
2025-11-01,09:18:27,check_session,admin,
2025-11-01,09:18:27,logout,admin,200
2025-11-01,10:52:10,check_session,anonymus,
2025-11-01,10:52:10,get_register_page,anonymus,200
2025-11-01,10:52:10,check_session,anonymus,
2025-11-01,10:52:10,check_session,anonymus,
2025-11-01,10:52:10,get_register_page,anonymus,200
2025-11-01,10:52:49,check_session,anonymus,
2025-11-01,10:52:49,check_session,anonymus,
2025-11-01,10:52:49,get_register_page,anonymus,200
2025-11-03,10:41:31,check_session,anonymus,
2025-11-03,10:41:31,get_register_page,anonymus,200
2025-11-03,10:41:31,check_session,anonymus,
2025-11-03,10:41:31,check_session,anonymus,
2025-11-03,10:41:31,check_session,anonymus,
2025-11-03,10:41:31,get_register_page,anonymus,200
2025-11-03,10:41:34,check_session,anonymus,
2025-11-03,10:41:35,check_session,anonymus,
2025-11-03,10:41:35,get_register_page,anonymus,200
2025-11-10,10:49:09,check_session,anonymus,
2025-11-10,10:49:09,get_register_page,anonymus,200
2025-11-10,10:49:09,check_session,anonymus,
2025-11-10,10:49:09,check_session,anonymus,
2025-11-10,10:49:09,check_session,anonymus,
2025-11-10,10:49:09,get_register_page,anonymus,200
2025-11-10,10:49:49,check_session,anonymus,
2025-11-10,10:49:49,get_login_page,anonymus,200
2025-11-10,10:49:49,check_session,anonymus,
2025-11-10,10:49:49,check_session,anonymus,
2025-11-10,10:49:49,get_register_page,anonymus,200
2025-11-10,10:49:51,check_session,anonymus,
2025-11-10,10:49:51,check_session,anonymus,
2025-11-10,10:49:51,get_register_page,anonymus,200
2025-11-10,10:50:04,check_session,anonymus,
2025-11-10,10:50:04,get_register_page,anonymus,200
2025-11-10,10:50:04,check_session,anonymus,
2025-11-10,10:50:04,check_session,anonymus,
2025-11-10,10:50:04,check_session,anonymus,
2025-11-10,10:50:04,get_register_page,anonymus,200
2025-11-10,10:50:04,check_session,anonymus,
2025-11-10,10:50:04,get_register_page,anonymus,200
2025-11-10,10:52:01,check_session,anonymus,
2025-11-10,10:52:01,register,anonymus,200
2025-11-10,10:52:01,check_session,anonymus,
2025-11-10,10:52:01,check_session,anonymus,
2025-11-10,10:52:01,check_session,anonymus,
2025-11-10,10:52:01,get_register_page,anonymus,200
2025-11-10,10:52:01,check_session,anonymus,
2025-11-10,10:52:01,get_register_page,anonymus,200
2025-11-10,10:52:28,check_session,anonymus,
2025-11-10,10:52:28,get_register_page,anonymus,200
2025-11-10,10:52:28,check_session,anonymus,
2025-11-10,10:52:28,check_session,anonymus,
2025-11-10,10:52:28,check_session,anonymus,
2025-11-10,10:52:28,get_register_page,anonymus,200
2025-11-10,10:52:28,check_session,anonymus,
2025-11-10,10:52:28,get_register_page,anonymus,200
2025-11-10,10:53:27,check_session,anonymus,
2025-11-10,10:53:27,register,anonymus,200
2025-11-10,10:53:27,check_session,anonymus,
2025-11-10,10:53:27,check_session,anonymus,
2025-11-10,10:53:27,check_session,anonymus,
2025-11-10,10:53:27,get_register_page,anonymus,200
2025-11-10,10:53:27,check_session,anonymus,
2025-11-10,10:53:27,get_register_page,anonymus,200
2025-11-10,11:08:38,check_session,anonymus,
2025-11-10,11:08:38,register,anonymus,200
2025-11-10,11:08:38,check_session,anonymus,
2025-11-10,11:08:38,check_session,anonymus,
2025-11-10,11:08:38,check_session,anonymus,
2025-11-10,11:08:38,get_register_page,anonymus,200
2025-11-10,11:08:38,check_session,anonymus,
2025-11-10,11:08:38,get_register_page,anonymus,200
2025-11-10,11:09:10,check_session,anonymus,
2025-11-10,11:09:10,register,anonymus,200
2025-11-10,11:09:10,check_session,anonymus,
2025-11-10,11:09:10,check_session,anonymus,
2025-11-10,11:09:10,check_session,anonymus,
2025-11-10,11:09:10,get_register_page,anonymus,200
2025-11-10,11:09:10,check_session,anonymus,
2025-11-10,11:09:10,get_register_page,anonymus,200
2025-11-10,11:09:47,check_session,anonymus,
2025-11-10,11:09:47,register,anonymus,200
2025-11-10,11:09:47,check_session,anonymus,
2025-11-10,11:09:47,check_session,anonymus,
2025-11-10,11:09:47,check_session,anonymus,
2025-11-10,11:09:47,get_register_page,anonymus,200
2025-11-10,11:09:47,check_session,anonymus,
2025-11-10,11:09:48,get_register_page,anonymus,200
2025-11-10,11:10:33,check_session,anonymus,
2025-11-10,11:10:33,get_login_page,anonymus,200
2025-11-10,11:10:33,check_session,anonymus,
2025-11-10,11:10:33,check_session,anonymus,
2025-11-10,11:10:33,check_session,anonymus,
2025-11-10,11:10:33,get_register_page,anonymus,200
2025-11-10,11:10:33,check_session,anonymus,
2025-11-10,11:10:33,get_register_page,anonymus,200
2025-11-10,11:10:48,check_session,anonymus,
2025-11-10,11:10:48,login,anonymus,200
2025-11-10,11:10:48,check_session,anonymus,
2025-11-10,11:10:48,check_session,anonymus,
2025-11-10,11:10:48,check_session,anonymus,
2025-11-10,11:10:48,get_register_page,anonymus,200
2025-11-10,11:10:48,check_session,anonymus,
2025-11-10,11:10:48,get_register_page,anonymus,200
2025-11-10,11:11:24,check_session,anonymus,
2025-11-10,11:11:24,login,anonymus,200
2025-11-10,11:11:24,check_session,anonymus,
2025-11-10,11:11:24,check_session,anonymus,
2025-11-10,11:11:24,check_session,anonymus,
2025-11-10,11:11:24,get_register_page,anonymus,200
2025-11-10,11:11:24,check_session,anonymus,
2025-11-10,11:11:24,get_register_page,anonymus,200
2025-11-10,11:12:05,check_session,anonymus,
2025-11-10,11:12:05,login,anonymus,302
2025-11-10,11:12:05,check_session,admin,
2025-11-10,11:12:05,get_home_page,admin,200
2025-11-10,11:12:05,check_session,admin,
2025-11-10,11:12:05,not_found_page,admin,307
2025-11-10,11:12:05,check_session,admin,
2025-11-10,11:12:05,check_session,admin,
2025-11-10,11:12:05,not_found_page,admin,307
2025-11-10,11:12:05,get_404_page,admin,200
2025-11-10,11:12:05,check_session,admin,
2025-11-10,11:12:05,get_404_page,admin,200
2025-11-10,11:13:40,check_session,admin,
2025-11-10,11:13:40,get_admin_page,admin,200
2025-11-10,11:13:40,check_session,admin,
2025-11-10,11:13:40,not_found_page,admin,307
2025-11-10,11:13:40,check_session,admin,
2025-11-10,11:13:40,not_found_page,admin,307
2025-11-10,11:13:40,check_session,admin,
2025-11-10,11:13:40,get_404_page,admin,200
2025-11-10,11:13:40,check_session,admin,
2025-11-10,11:13:40,get_404_page,admin,200
2025-11-10,11:13:47,check_session,admin,
2025-11-10,11:13:47,get_home_page,admin,200
2025-11-10,11:13:47,check_session,admin,
2025-11-10,11:13:47,not_found_page,admin,307
2025-11-10,11:13:47,check_session,admin,
2025-11-10,11:13:47,not_found_page,admin,307
2025-11-10,11:13:47,check_session,admin,
2025-11-10,11:13:47,get_404_page,admin,200
2025-11-10,11:13:47,check_session,admin,
2025-11-10,11:13:47,get_404_page,admin,200
2025-11-10,11:13:50,check_session,admin,
2025-11-10,11:13:50,get_admin_page,admin,200
2025-11-10,11:13:50,check_session,admin,
2025-11-10,11:13:50,not_found_page,admin,307
2025-11-10,11:13:50,check_session,admin,
2025-11-10,11:13:50,check_session,admin,
2025-11-10,11:13:50,not_found_page,admin,307
2025-11-10,11:13:50,get_404_page,admin,200
2025-11-10,11:13:50,check_session,admin,
2025-11-10,11:13:50,get_404_page,admin,200
2025-11-10,11:13:52,check_session,admin,
2025-11-10,11:13:52,get_home_page,admin,200
2025-11-10,11:13:52,check_session,admin,
2025-11-10,11:13:52,not_found_page,admin,307
2025-11-10,11:13:52,check_session,admin,
2025-11-10,11:13:52,not_found_page,admin,307
2025-11-10,11:13:52,check_session,admin,
2025-11-10,11:13:52,get_404_page,admin,200
2025-11-10,11:13:52,check_session,admin,
2025-11-10,11:13:52,get_404_page,admin,200
2025-11-10,11:24:09,check_session,admin,
2025-11-10,11:24:09,get_register_page,admin,200
2025-11-10,11:24:09,check_session,admin,
2025-11-10,11:24:09,check_session,admin,
2025-11-10,11:24:09,check_session,admin,
2025-11-10,11:24:09,get_register_page,admin,200
2025-11-10,11:24:09,check_session,admin,
2025-11-10,11:24:09,get_register_page,admin,200
2025-11-10,13:02:14,check_session,admin,
2025-11-10,13:02:14,get_register_page,admin,200
2025-11-10,13:02:15,check_session,admin,
2025-11-10,13:02:15,check_session,admin,
2025-11-10,13:02:15,check_session,admin,
2025-11-10,13:02:15,get_register_page,admin,200
2025-11-10,13:02:20,check_session,admin,
2025-11-10,13:02:20,get_login_page,admin,200
2025-11-10,13:02:20,check_session,admin,
2025-11-10,13:02:20,check_session,admin,
2025-11-10,13:02:20,get_register_page,admin,200
2025-11-10,13:02:22,check_session,admin,
2025-11-10,13:02:22,get_register_page,admin,200
2025-11-10,13:02:22,check_session,admin,
2025-11-10,13:02:22,check_session,admin,
2025-11-10,13:02:22,get_register_page,admin,200
2025-11-10,13:02:23,check_session,admin,
2025-11-10,13:02:23,get_login_page,admin,200
2025-11-10,13:02:23,check_session,admin,
2025-11-10,13:02:23,check_session,admin,
2025-11-10,13:02:23,get_register_page,admin,200
2025-11-10,13:02:25,check_session,admin,
2025-11-10,13:02:25,get_register_page,admin,200
2025-11-10,13:02:25,check_session,admin,
2025-11-10,13:02:25,check_session,admin,
2025-11-10,13:02:25,get_register_page,admin,200
2025-11-10,13:02:26,check_session,admin,
2025-11-10,13:02:26,get_login_page,admin,200
2025-11-10,13:02:26,check_session,admin,
2025-11-10,13:02:26,check_session,admin,
2025-11-10,13:02:26,get_register_page,admin,200
2025-11-10,13:02:34,check_session,admin,
2025-11-10,13:02:34,login,admin,302
2025-11-10,13:02:34,check_session,admin,
2025-11-10,13:02:34,get_home_page,admin,200
2025-11-10,13:02:34,check_session,admin,
2025-11-10,13:02:34,not_found_page,admin,307
2025-11-10,13:02:34,check_session,admin,
2025-11-10,13:02:34,get_404_page,admin,200
2025-11-10,13:02:40,check_session,admin,
2025-11-10,13:02:40,get_admin_page,admin,200
2025-11-10,13:02:40,check_session,admin,
2025-11-10,13:02:40,not_found_page,admin,307
2025-11-10,13:02:40,check_session,admin,
2025-11-10,13:02:40,get_404_page,admin,200
2025-11-10,13:02:41,check_session,admin,
2025-11-10,13:02:41,get_home_page,admin,200
2025-11-10,13:02:41,check_session,admin,
2025-11-10,13:02:41,not_found_page,admin,307
2025-11-10,13:02:41,check_session,admin,
2025-11-10,13:02:41,get_404_page,admin,200
2025-11-10,13:02:42,check_session,admin,
2025-11-10,13:02:42,logout,admin,200
2025-11-10,13:02:42,check_session,anonymus,
2025-11-10,13:02:42,check_session,anonymus,
2025-11-10,13:02:42,get_register_page,anonymus,200
2025-11-10,14:53:21,check_session,anonymus,
2025-11-10,14:53:21,get_register_page,anonymus,200
2025-11-10,14:53:21,check_session,anonymus,
2025-11-10,14:53:21,check_session,anonymus,
2025-11-10,14:53:21,check_session,anonymus,
2025-11-10,14:53:21,check_session,anonymus,
2025-11-10,14:53:21,get_register_page,anonymus,200
2025-11-10,14:53:21,check_session,anonymus,
2025-11-10,14:53:21,get_register_page,anonymus,200
2025-11-10,14:54:12,check_session,anonymus,
2025-11-10,14:54:12,get_register_page,anonymus,200
2025-11-10,14:54:12,check_session,anonymus,
2025-11-10,14:54:12,check_session,anonymus,
2025-11-10,14:54:12,check_session,anonymus,
2025-11-10,14:54:12,get_register_page,anonymus,200
2025-11-10,14:57:50,check_session,anonymus,
2025-11-10,14:57:50,get_register_page,anonymus,200
2025-11-10,14:57:50,check_session,anonymus,
2025-11-10,14:57:50,check_session,anonymus,
2025-11-10,14:57:50,check_session,anonymus,
2025-11-10,14:57:50,get_register_page,anonymus,200
2025-11-10,15:47:27,check_session,anonymus,
2025-11-10,15:47:27,login,anonymus,302
2025-11-10,15:47:27,check_session,admin,
2025-11-10,15:47:27,get_home_page,admin,200
2025-11-10,15:47:27,check_session,admin,
2025-11-10,15:47:27,not_found_page,admin,307
2025-11-10,15:47:27,check_session,admin,
2025-11-10,15:47:27,get_404_page,admin,200
2025-11-10,15:47:31,check_session,admin,
2025-11-10,15:47:31,not_found_page,admin,307
2025-11-10,15:47:31,check_session,admin,
2025-11-10,15:47:31,get_404_page,admin,200
